browser,version,screenWidth,screenHeight,OS,OS_lang,GMT_timestamp,local_timestamp,trial_file_version,link,duration_s
Safari,"26.4",1470,956,MacOS,zh-CN,2026-04-24_14:28:38,2026-04-24_15:28:38,2026-04-22_19:15:07,https://www.testable.org/experiment/20537/230921/start,349.8

rowNo,type,stim1,color,key,condition1,condition2,feedback,trialText,stimFormat,ITI,button1,keyboard,random,required,head,responseType,responseOptions,stimSize,string,rarity,color_noncolor,Zipf.SUBTLEX_UK,Length,combined_condition,congruence_condition,1:2,ITI_ms,ITI_f,ITI_fDuration,timestamp,response,RT,correct,responseCode
"3",form,"","","0","","","","","","0",NEXT,"","2","1",What is your English language READING ability?,radio,Native Speaker;High Proficiency (CEFR C1-C2);Intermediate Proficiency (CEFR B1-B2);Low Proficiency (CEFR A1-A2);No proficiency:exclusive,175%,NA,NA,NA,NA,NA,NA,NA,NA,,"","",116950,Intermediate Proficiency (CEFR B1-B2),103645,"0","3"
"4",form,"","","0","","","","","","0","","","3","1",What is your Standard Mandarin (普通话) language READING ability?,radio,Native Speaker;High Proficiency (CEFR C1-C2);Intermediate Proficiency (CEFR B1-B2);Low Proficiency (CEFR A1-A2);No proficiency:exclusive,175%,NA,NA,NA,NA,NA,NA,NA,NA,,"","",116950,Native Speaker,103645,"0","1"
"5",form,"","","0","","","","","","0","","","4","",Are you proficient in or learning any other foreign languages? (Please include the name of the language and your proficiency self-assessment.),box,"",175%,NA,NA,NA,NA,NA,NA,NA,NA,,"","",116950,NA,103645,"0",NA
"13",test,IRK,stim1: brown,"4",practice,NA,correct: Correct! You responded in %RT% ms ; incorrect: Incorrect! The font color was  BROWN. You responded in %RT% ms,"Press 1 for BLACK, <br>2 for <span style=""color:blue;"">BLUE</span>, <br>3 for <span style=""color:green;"">GREEN</span>, and <br>4 for <span style=""color:brown;"">BROWN</span>",word,"400","",1 2 3 4,"6","","","",NA,175%,NA,NA,NA,NA,NA,NA,NA,NA,400,24,"16.67",157510,"4",4392,"1",""
"14",test,NYMPH,stim1: brown,"4",practice,NA,correct: Correct! You responded in %RT% ms ; incorrect: Incorrect! The font color was  BROWN. You responded in %RT% ms,"Press 1 for BLACK, <br>2 for <span style=""color:blue;"">BLUE</span>, <br>3 for <span style=""color:green;"">GREEN</span>, and <br>4 for <span style=""color:brown;"">BROWN</span>",word,"400","",1 2 3 4,"6","","","",NA,175%,NA,NA,NA,NA,NA,NA,NA,NA,399,24,"16.63",160620,"4",1272,"1",""
"7",test,BLACK,stim1: black,"1",practice,NA,correct: Correct! You responded in %RT% ms ; incorrect: Incorrect! The font color was  BLACK. You responded in %RT% ms,"Press 1 for BLACK, <br>2 for <span style=""color:blue;"">BLUE</span>, <br>3 for <span style=""color:green;"">GREEN</span>, and <br>4 for <span style=""color:brown;"">BROWN</span>",word,"400","",1 2 3 4,"6","","","",NA,175%,NA,NA,NA,NA,NA,NA,NA,NA,400,24,"16.67",163436,"1",1454,"1",""
"9",test,BLUE,stim1: blue,"2",practice,NA,correct: Correct! You responded in %RT% ms ; incorrect: Incorrect! The font color was  BLUE. You responded in %RT% ms,"Press 1 for BLACK, <br>2 for <span style=""color:blue;"">BLUE</span>, <br>3 for <span style=""color:green;"">GREEN</span>, and <br>4 for <span style=""color:brown;"">BROWN</span>",word,"400","",1 2 3 4,"6","","","",NA,175%,NA,NA,NA,NA,NA,NA,NA,NA,400,24,"16.67",167960,"2",1462,"1",""
"11",test,TUSK,stim1: blue,"2",practice,NA,correct: Correct! You responded in %RT% ms ; incorrect: Incorrect! The font color was  BLUE. You responded in %RT% ms,"Press 1 for BLACK, <br>2 for <span style=""color:blue;"">BLUE</span>, <br>3 for <span style=""color:green;"">GREEN</span>, and <br>4 for <span style=""color:brown;"">BROWN</span>",word,"400","",1 2 3 4,"6","","","",NA,175%,NA,NA,NA,NA,NA,NA,NA,NA,400,24,"16.67",170863,"2",1483,"1",""
"12",test,SEPIA,stim1: green,"3",practice,NA,correct: Correct! You responded in %RT% ms ; incorrect: Incorrect! The font color was  GREEN. You responded in %RT% ms,"Press 1 for BLACK, <br>2 for <span style=""color:blue;"">BLUE</span>, <br>3 for <span style=""color:green;"">GREEN</span>, and <br>4 for <span style=""color:brown;"">BROWN</span>",word,"400","",1 2 3 4,"6","","","",NA,175%,NA,NA,NA,NA,NA,NA,NA,NA,400,24,"16.67",173836,"3",1554,"1",""
"8",test,GREEN,stim1: black,"1",practice,NA,correct: Correct! You responded in %RT% ms ; incorrect: Incorrect! The font color was  BLACK. You responded in %RT% ms,"Press 1 for BLACK, <br>2 for <span style=""color:blue;"">BLUE</span>, <br>3 for <span style=""color:green;"">GREEN</span>, and <br>4 for <span style=""color:brown;"">BROWN</span>",word,"400","",1 2 3 4,"6","","","",NA,175%,NA,NA,NA,NA,NA,NA,NA,NA,400,24,"16.67",177505,"1",2657,"1",""
"10",test,BROWN,stim1: green,"3",practice,NA,correct: Correct! You responded in %RT% ms ; incorrect: Incorrect! The font color was  GREEN. You responded in %RT% ms,"Press 1 for BLACK, <br>2 for <span style=""color:blue;"">BLUE</span>, <br>3 for <span style=""color:green;"">GREEN</span>, and <br>4 for <span style=""color:brown;"">BROWN</span>",word,"400","",1 2 3 4,"6","","","",NA,175%,NA,NA,NA,NA,NA,NA,NA,NA,401,24,"16.71",183177,"3",3212,"1",""
"86",test,BIG,stim1: brown,"4",filler,control,"","Press 1 for BLACK, <br>2 for <span style=""color:blue;"">BLUE</span>, <br>3 for <span style=""color:green;"">GREEN</span>, and <br>4 for <span style=""color:brown;"">BROWN</span>",word,"400","",1 2 3 4,"8","","","",NA,175%,big,common,noncolor,"5.94","3",common_noncolor,control,NA,400,24,"16.67",191305,"4",2041,"1",""
"38",test,BLUE,stim1: green,"3",critical,incongruent,"","Press 1 for BLACK, <br>2 for <span style=""color:blue;"">BLUE</span>, <br>3 for <span style=""color:green;"">GREEN</span>, and <br>4 for <span style=""color:brown;"">BROWN</span>",word,"400","",1 2 3 4,"8","","","",NA,175%,blue,common,color,"5.16","4",common_color,incongruent,"1",400,24,"16.67",193707,"3",2009,"1",""
"48",test,GREEN,stim1: black,"1",critical,incongruent,"","Press 1 for BLACK, <br>2 for <span style=""color:blue;"">BLUE</span>, <br>3 for <span style=""color:green;"">GREEN</span>, and <br>4 for <span style=""color:brown;"">BROWN</span>",word,"400","",1 2 3 4,"8","","","",NA,175%,green,common,color,"5.22","5",common_color,incongruent,"1",400,24,"16.67",195598,"1",1500,"1",""
"71",test,OCHRE,stim1: green,"3",filler,control,"","Press 1 for BLACK, <br>2 for <span style=""color:blue;"">BLUE</span>, <br>3 for <span style=""color:green;"">GREEN</span>, and <br>4 for <span style=""color:brown;"">BROWN</span>",word,"400","",1 2 3 4,"8","","","",NA,175%,ochre,rare,color,"2.77","5",rare_color,control,"2",400,24,"16.67",198214,"3",2216,"1",""
"81",test,APEX,stim1: blue,"2",filler,control,"","Press 1 for BLACK, <br>2 for <span style=""color:blue;"">BLUE</span>, <br>3 for <span style=""color:green;"">GREEN</span>, and <br>4 for <span style=""color:brown;"">BROWN</span>",word,"400","",1 2 3 4,"8","","","",NA,175%,apex,rare,noncolor,"2.96","4",rare_noncolor,control,NA,400,24,"16.67",200520,"2",1905,"1",""
"43",test,BROWN,stim1: blue,"2",critical,incongruent,"","Press 1 for BLACK, <br>2 for <span style=""color:blue;"">BLUE</span>, <br>3 for <span style=""color:green;"">GREEN</span>, and <br>4 for <span style=""color:brown;"">BROWN</span>",word,"400","",1 2 3 4,"8","","","",NA,175%,brown,common,color,"5.01","5",common_color,incongruent,"2",400,24,"16.67",201954,"2",1040,"1",""
"106",test,SMALL,stim1: brown,"4",filler,control,"","Press 1 for BLACK, <br>2 for <span style=""color:blue;"">BLUE</span>, <br>3 for <span style=""color:green;"">GREEN</span>, and <br>4 for <span style=""color:brown;"">BROWN</span>",word,"400","",1 2 3 4,"8","","","",NA,175%,small,common,noncolor,"5.43","5",common_noncolor,control,NA,400,24,"16.67",203700,"4",1352,"1",""
"76",test,SEPIA,stim1: brown,"4",filler,control,"","Press 1 for BLACK, <br>2 for <span style=""color:blue;"">BLUE</span>, <br>3 for <span style=""color:green;"">GREEN</span>, and <br>4 for <span style=""color:brown;"">BROWN</span>",word,"400","",1 2 3 4,"8","","","",NA,175%,sepia,rare,color,"2.38","5",rare_color,control,"1",400,24,"16.67",205076,"4",978,"1",""
"100",test,SLOW,stim1: black,"1",filler,control,"","Press 1 for BLACK, <br>2 for <span style=""color:blue;"">BLUE</span>, <br>3 for <span style=""color:green;"">GREEN</span>, and <br>4 for <span style=""color:brown;"">BROWN</span>",word,"400","",1 2 3 4,"8","","","",NA,175%,slow,common,noncolor,"4.81","4",common_noncolor,control,NA,400,24,"16.67",206618,"1",1153,"1",""
"84",test,BIG,stim1: black,"1",filler,control,"","Press 1 for BLACK, <br>2 for <span style=""color:blue;"">BLUE</span>, <br>3 for <span style=""color:green;"">GREEN</span>, and <br>4 for <span style=""color:brown;"">BROWN</span>",word,"400","",1 2 3 4,"8","","","",NA,175%,big,common,noncolor,"5.94","3",common_noncolor,control,NA,399,24,"16.63",207780,"1",766,"1",""
"92",test,IRK,stim1: black,"1",filler,control,"","Press 1 for BLACK, <br>2 for <span style=""color:blue;"">BLUE</span>, <br>3 for <span style=""color:green;"">GREEN</span>, and <br>4 for <span style=""color:brown;"">BROWN</span>",word,"400","",1 2 3 4,"8","","","",NA,175%,irk,rare,noncolor,"1.95","3",rare_noncolor,control,NA,400,24,"16.67",209098,"1",917,"1",""
"78",test,SEPIA,stim1: green,"3",filler,control,"","Press 1 for BLACK, <br>2 for <span style=""color:blue;"">BLUE</span>, <br>3 for <span style=""color:green;"">GREEN</span>, and <br>4 for <span style=""color:brown;"">BROWN</span>",word,"400","",1 2 3 4,"8","","","",NA,175%,sepia,rare,color,"2.38","5",rare_color,control,"1",401,24,"16.71",210987,"3",1489,"1",""
"45",test,BROWN,stim1: brown,"4",critical,congruent,"","Press 1 for BLACK, <br>2 for <span style=""color:blue;"">BLUE</span>, <br>3 for <span style=""color:green;"">GREEN</span>, and <br>4 for <span style=""color:brown;"">BROWN</span>",word,"400","",1 2 3 4,"8","","","",NA,175%,brown,common,color,"5.01","5",common_color,congruent,"2",400,24,"16.67",212411,"4",1030,"1",""
"89",test,FAST,stim1: blue,"2",filler,control,"","Press 1 for BLACK, <br>2 for <span style=""color:blue;"">BLUE</span>, <br>3 for <span style=""color:green;"">GREEN</span>, and <br>4 for <span style=""color:brown;"">BROWN</span>",word,"400","",1 2 3 4,"8","","","",NA,175%,fast,common,noncolor,"5.09","4",common_noncolor,control,NA,399,24,"16.63",213945,"2",1148,"1",""
"68",test,OCHRE,stim1: brown,"4",filler,control,"","Press 1 for BLACK, <br>2 for <span style=""color:blue;"">BLUE</span>, <br>3 for <span style=""color:green;"">GREEN</span>, and <br>4 for <span style=""color:brown;"">BROWN</span>",word,"400","",1 2 3 4,"8","","","",NA,175%,ochre,rare,color,"2.77","5",rare_color,control,"1",400,24,"16.67",215726,"4",1395,"1",""
"18",test,AQUA,stim1: blue,"2",filler,control,"","Press 1 for BLACK, <br>2 for <span style=""color:blue;"">BLUE</span>, <br>3 for <span style=""color:green;"">GREEN</span>, and <br>4 for <span style=""color:brown;"">BROWN</span>",word,"400","",1 2 3 4,"8","","","",NA,175%,aqua,rare,color,"2.98","4",rare_color,control,"1",400,24,"16.67",217602,"2",1487,"1",""
"97",test,NYMPH,stim1: blue,"2",filler,control,"","Press 1 for BLACK, <br>2 for <span style=""color:blue;"">BLUE</span>, <br>3 for <span style=""color:green;"">GREEN</span>, and <br>4 for <span style=""color:brown;"">BROWN</span>",word,"400","",1 2 3 4,"8","","","",NA,175%,nymph,rare,noncolor,"2.72","5",rare_noncolor,control,NA,400,24,"16.67",219249,"2",1251,"1",""
"34",test,BLUE,stim1: blue,"2",critical,congruent,"","Press 1 for BLACK, <br>2 for <span style=""color:blue;"">BLUE</span>, <br>3 for <span style=""color:green;"">GREEN</span>, and <br>4 for <span style=""color:brown;"">BROWN</span>",word,"400","",1 2 3 4,"8","","","",NA,175%,blue,common,color,"5.16","4",common_color,congruent,"1",400,24,"16.67",220438,"2",790,"1",""
"17",test,AQUA,stim1: black,"1",filler,control,"","Press 1 for BLACK, <br>2 for <span style=""color:blue;"">BLUE</span>, <br>3 for <span style=""color:green;"">GREEN</span>, and <br>4 for <span style=""color:brown;"">BROWN</span>",word,"400","",1 2 3 4,"8","","","",NA,175%,aqua,rare,color,"2.98","4",rare_color,control,"2",401,24,"16.71",222298,"1",1467,"1",""
"67",test,OCHRE,stim1: blue,"2",filler,control,"","Press 1 for BLACK, <br>2 for <span style=""color:blue;"">BLUE</span>, <br>3 for <span style=""color:green;"">GREEN</span>, and <br>4 for <span style=""color:brown;"">BROWN</span>",word,"400","",1 2 3 4,"8","","","",NA,175%,ochre,rare,color,"2.77","5",rare_color,control,"2",400,24,"16.67",223770,"2",1072,"1",""
"64",test,OCHRE,stim1: black,"1",filler,control,"","Press 1 for BLACK, <br>2 for <span style=""color:blue;"">BLUE</span>, <br>3 for <span style=""color:green;"">GREEN</span>, and <br>4 for <span style=""color:brown;"">BROWN</span>",word,"400","",1 2 3 4,"8","","","",NA,175%,ochre,rare,color,"2.77","5",rare_color,control,"1",400,24,"16.67",224924,"1",759,"1",""
"109",test,TUSK,stim1: blue,"2",filler,control,"","Press 1 for BLACK, <br>2 for <span style=""color:blue;"">BLUE</span>, <br>3 for <span style=""color:green;"">GREEN</span>, and <br>4 for <span style=""color:brown;"">BROWN</span>",word,"400","",1 2 3 4,"8","","","",NA,175%,tusk,rare,noncolor,"3","4",rare_noncolor,control,NA,400,24,"16.67",225934,"2",619,"1",""
"87",test,BIG,stim1: green,"3",filler,control,"","Press 1 for BLACK, <br>2 for <span style=""color:blue;"">BLUE</span>, <br>3 for <span style=""color:green;"">GREEN</span>, and <br>4 for <span style=""color:brown;"">BROWN</span>",word,"400","",1 2 3 4,"8","","","",NA,175%,big,common,noncolor,"5.94","3",common_noncolor,control,NA,400,24,"16.67",227616,"3",1285,"1",""
"30",test,BLACK,stim1: green,"3",critical,incongruent,"","Press 1 for BLACK, <br>2 for <span style=""color:blue;"">BLUE</span>, <br>3 for <span style=""color:green;"">GREEN</span>, and <br>4 for <span style=""color:brown;"">BROWN</span>",word,"400","",1 2 3 4,"8","","","",NA,175%,black,common,color,"5.26","5",common_color,incongruent,"1",400,24,"16.67",229287,"3",1273,"1",""
"24",test,BLACK,stim1: black,"1",critical,congruent,"","Press 1 for BLACK, <br>2 for <span style=""color:blue;"">BLUE</span>, <br>3 for <span style=""color:green;"">GREEN</span>, and <br>4 for <span style=""color:brown;"">BROWN</span>",word,"400","",1 2 3 4,"8","","","",NA,175%,black,common,color,"5.26","5",common_color,congruent,"1",400,24,"16.67",230955,"1",1274,"1",""
"21",test,AQUA,stim1: brown,"4",filler,control,"","Press 1 for BLACK, <br>2 for <span style=""color:blue;"">BLUE</span>, <br>3 for <span style=""color:green;"">GREEN</span>, and <br>4 for <span style=""color:brown;"">BROWN</span>",word,"400","",1 2 3 4,"8","","","",NA,175%,aqua,rare,color,"2.98","4",rare_color,control,"2",400,24,"16.67",232580,"4",1232,"1",""
"28",test,BLACK,stim1: brown,"4",critical,incongruent,"","Press 1 for BLACK, <br>2 for <span style=""color:blue;"">BLUE</span>, <br>3 for <span style=""color:green;"">GREEN</span>, and <br>4 for <span style=""color:brown;"">BROWN</span>",word,"400","",1 2 3 4,"8","","","",NA,175%,black,common,color,"5.26","5",common_color,incongruent,"1",400,24,"16.67",233723,"4",742,"1",""
"56",test,MAUVE,stim1: black,"1",filler,control,"","Press 1 for BLACK, <br>2 for <span style=""color:blue;"">BLUE</span>, <br>3 for <span style=""color:green;"">GREEN</span>, and <br>4 for <span style=""color:brown;"">BROWN</span>",word,"400","",1 2 3 4,"8","","","",NA,175%,mauve,rare,color,"2.71","5",rare_color,control,"1",400,24,"16.67",234958,"1",843,"1",""
"65",test,OCHRE,stim1: black,"1",filler,control,"","Press 1 for BLACK, <br>2 for <span style=""color:blue;"">BLUE</span>, <br>3 for <span style=""color:green;"">GREEN</span>, and <br>4 for <span style=""color:brown;"">BROWN</span>",word,"400","",1 2 3 4,"8","","","",NA,175%,ochre,rare,color,"2.77","5",rare_color,control,"2",400,24,"16.67",236104,"1",756,"1",""
"33",test,BLUE,stim1: black,"1",critical,incongruent,"","Press 1 for BLACK, <br>2 for <span style=""color:blue;"">BLUE</span>, <br>3 for <span style=""color:green;"">GREEN</span>, and <br>4 for <span style=""color:brown;"">BROWN</span>",word,"400","",1 2 3 4,"8","","","",NA,175%,blue,common,color,"5.16","4",common_color,incongruent,"2",400,24,"16.67",237115,"1",617,"1",""
"55",test,GREEN,stim1: green,"3",critical,congruent,"","Press 1 for BLACK, <br>2 for <span style=""color:blue;"">BLUE</span>, <br>3 for <span style=""color:green;"">GREEN</span>, and <br>4 for <span style=""color:brown;"">BROWN</span>",word,"400","",1 2 3 4,"8","","","",NA,175%,green,common,color,"5.22","5",common_color,congruent,"2",400,24,"16.67",239046,"3",1532,"1",""
"19",test,AQUA,stim1: blue,"2",filler,control,"","Press 1 for BLACK, <br>2 for <span style=""color:blue;"">BLUE</span>, <br>3 for <span style=""color:green;"">GREEN</span>, and <br>4 for <span style=""color:brown;"">BROWN</span>",word,"400","",1 2 3 4,"8","","","",NA,175%,aqua,rare,color,"2.98","4",rare_color,control,"2",400,24,"16.67",240568,"2",1120,"1",""
"75",test,SEPIA,stim1: blue,"2",filler,control,"","Press 1 for BLACK, <br>2 for <span style=""color:blue;"">BLUE</span>, <br>3 for <span style=""color:green;"">GREEN</span>, and <br>4 for <span style=""color:brown;"">BROWN</span>",word,"400","",1 2 3 4,"8","","","",NA,175%,sepia,rare,color,"2.38","5",rare_color,control,"2",400,24,"16.67",242042,"2",1077,"1",""
"99",test,NYMPH,stim1: green,"3",filler,control,"","Press 1 for BLACK, <br>2 for <span style=""color:blue;"">BLUE</span>, <br>3 for <span style=""color:green;"">GREEN</span>, and <br>4 for <span style=""color:brown;"">BROWN</span>",word,"400","",1 2 3 4,"8","","","",NA,175%,nymph,rare,noncolor,"2.72","5",rare_noncolor,control,NA,400,24,"16.67",244130,"3",1699,"1",""
"46",test,BROWN,stim1: green,"3",critical,incongruent,"","Press 1 for BLACK, <br>2 for <span style=""color:blue;"">BLUE</span>, <br>3 for <span style=""color:green;"">GREEN</span>, and <br>4 for <span style=""color:brown;"">BROWN</span>",word,"400","",1 2 3 4,"8","","","",NA,175%,brown,common,color,"5.01","5",common_color,incongruent,"1",400,24,"16.67",249408,"3",4877,"1",""
"111",test,TUSK,stim1: green,"3",filler,control,"","Press 1 for BLACK, <br>2 for <span style=""color:blue;"">BLUE</span>, <br>3 for <span style=""color:green;"">GREEN</span>, and <br>4 for <span style=""color:brown;"">BROWN</span>",word,"400","",1 2 3 4,"8","","","",NA,175%,tusk,rare,noncolor,"3","4",rare_noncolor,control,NA,400,24,"16.67",251777,"3",1979,"1",""
"62",test,MAUVE,stim1: green,"3",filler,control,"","Press 1 for BLACK, <br>2 for <span style=""color:blue;"">BLUE</span>, <br>3 for <span style=""color:green;"">GREEN</span>, and <br>4 for <span style=""color:brown;"">BROWN</span>",word,"400","",1 2 3 4,"8","","","",NA,175%,mauve,rare,color,"2.71","5",rare_color,control,"1",400,24,"16.67",253731,"3",1566,"1",""
"83",test,APEX,stim1: green,"3",filler,control,"","Press 1 for BLACK, <br>2 for <span style=""color:blue;"">BLUE</span>, <br>3 for <span style=""color:green;"">GREEN</span>, and <br>4 for <span style=""color:brown;"">BROWN</span>",word,"400","",1 2 3 4,"8","","","",NA,175%,apex,rare,noncolor,"2.96","4",rare_noncolor,control,NA,400,24,"16.67",255101,"3",970,"1",""
"91",test,FAST,stim1: green,"3",filler,control,"","Press 1 for BLACK, <br>2 for <span style=""color:blue;"">BLUE</span>, <br>3 for <span style=""color:green;"">GREEN</span>, and <br>4 for <span style=""color:brown;"">BROWN</span>",word,"400","",1 2 3 4,"8","","","",NA,175%,fast,common,noncolor,"5.09","4",common_noncolor,control,NA,400,24,"16.67",256236,"3",739,"1",""
"104",test,SMALL,stim1: black,"1",filler,control,"","Press 1 for BLACK, <br>2 for <span style=""color:blue;"">BLUE</span>, <br>3 for <span style=""color:green;"">GREEN</span>, and <br>4 for <span style=""color:brown;"">BROWN</span>",word,"400","",1 2 3 4,"8","","","",NA,175%,small,common,noncolor,"5.43","5",common_noncolor,control,NA,400,24,"16.67",257530,"1",899,"1",""
"25",test,BLACK,stim1: black,"1",critical,congruent,"","Press 1 for BLACK, <br>2 for <span style=""color:blue;"">BLUE</span>, <br>3 for <span style=""color:green;"">GREEN</span>, and <br>4 for <span style=""color:brown;"">BROWN</span>",word,"400","",1 2 3 4,"8","","","",NA,175%,black,common,color,"5.26","5",common_color,congruent,"2",399,24,"16.63",258652,"1",722,"1",""
"59",test,MAUVE,stim1: blue,"2",filler,control,"","Press 1 for BLACK, <br>2 for <span style=""color:blue;"">BLUE</span>, <br>3 for <span style=""color:green;"">GREEN</span>, and <br>4 for <span style=""color:brown;"">BROWN</span>",word,"400","",1 2 3 4,"8","","","",NA,175%,mauve,rare,color,"2.71","5",rare_color,control,"2",400,24,"16.67",260409,"2",1361,"1",""
"105",test,SMALL,stim1: blue,"2",filler,control,"","Press 1 for BLACK, <br>2 for <span style=""color:blue;"">BLUE</span>, <br>3 for <span style=""color:green;"">GREEN</span>, and <br>4 for <span style=""color:brown;"">BROWN</span>",word,"400","",1 2 3 4,"8","","","",NA,175%,small,common,noncolor,"5.43","5",common_noncolor,control,NA,400,24,"16.67",261562,"2",765,"1",""
"42",test,BROWN,stim1: blue,"2",critical,incongruent,"","Press 1 for BLACK, <br>2 for <span style=""color:blue;"">BLUE</span>, <br>3 for <span style=""color:green;"">GREEN</span>, and <br>4 for <span style=""color:brown;"">BROWN</span>",word,"400","",1 2 3 4,"8","","","",NA,175%,brown,common,color,"5.01","5",common_color,incongruent,"1",400,24,"16.67",263367,"2",1419,"1",""
"70",test,OCHRE,stim1: green,"3",filler,control,"","Press 1 for BLACK, <br>2 for <span style=""color:blue;"">BLUE</span>, <br>3 for <span style=""color:green;"">GREEN</span>, and <br>4 for <span style=""color:brown;"">BROWN</span>",word,"400","",1 2 3 4,"8","","","",NA,175%,ochre,rare,color,"2.77","5",rare_color,control,"1",399,24,"16.63",267614,"3",3851,"1",""
"50",test,GREEN,stim1: blue,"2",critical,incongruent,"","Press 1 for BLACK, <br>2 for <span style=""color:blue;"">BLUE</span>, <br>3 for <span style=""color:green;"">GREEN</span>, and <br>4 for <span style=""color:brown;"">BROWN</span>",word,"400","",1 2 3 4,"8","","","",NA,175%,green,common,color,"5.22","5",common_color,incongruent,"1",400,24,"16.67",269750,"2",1737,"1",""
"47",test,BROWN,stim1: green,"3",critical,incongruent,"","Press 1 for BLACK, <br>2 for <span style=""color:blue;"">BLUE</span>, <br>3 for <span style=""color:green;"">GREEN</span>, and <br>4 for <span style=""color:brown;"">BROWN</span>",word,"400","",1 2 3 4,"8","","","",NA,175%,brown,common,color,"5.01","5",common_color,incongruent,"2",400,24,"16.67",271238,"4",1090,"0",""
"107",test,SMALL,stim1: green,"3",filler,control,"","Press 1 for BLACK, <br>2 for <span style=""color:blue;"">BLUE</span>, <br>3 for <span style=""color:green;"">GREEN</span>, and <br>4 for <span style=""color:brown;"">BROWN</span>",word,"400","",1 2 3 4,"8","","","",NA,175%,small,common,noncolor,"5.43","5",common_noncolor,control,NA,400,24,"16.67",274121,"3",2490,"1",""
"58",test,MAUVE,stim1: blue,"2",filler,control,"","Press 1 for BLACK, <br>2 for <span style=""color:blue;"">BLUE</span>, <br>3 for <span style=""color:green;"">GREEN</span>, and <br>4 for <span style=""color:brown;"">BROWN</span>",word,"400","",1 2 3 4,"8","","","",NA,175%,mauve,rare,color,"2.71","5",rare_color,control,"1",400,24,"16.67",275579,"2",1065,"1",""
"44",test,BROWN,stim1: brown,"4",critical,congruent,"","Press 1 for BLACK, <br>2 for <span style=""color:blue;"">BLUE</span>, <br>3 for <span style=""color:green;"">GREEN</span>, and <br>4 for <span style=""color:brown;"">BROWN</span>",word,"400","",1 2 3 4,"8","","","",NA,175%,brown,common,color,"5.01","5",common_color,congruent,"1",400,24,"16.67",277566,"4",1585,"1",""
"37",test,BLUE,stim1: brown,"4",critical,incongruent,"","Press 1 for BLACK, <br>2 for <span style=""color:blue;"">BLUE</span>, <br>3 for <span style=""color:green;"">GREEN</span>, and <br>4 for <span style=""color:brown;"">BROWN</span>",word,"400","",1 2 3 4,"8","","","",NA,175%,blue,common,color,"5.16","4",common_color,incongruent,"2",400,24,"16.67",279945,"4",1981,"1",""
"96",test,NYMPH,stim1: black,"1",filler,control,"","Press 1 for BLACK, <br>2 for <span style=""color:blue;"">BLUE</span>, <br>3 for <span style=""color:green;"">GREEN</span>, and <br>4 for <span style=""color:brown;"">BROWN</span>",word,"400","",1 2 3 4,"8","","","",NA,175%,nymph,rare,noncolor,"2.72","5",rare_noncolor,control,NA,400,24,"16.67",281347,"1",1016,"1",""
"31",test,BLACK,stim1: green,"3",critical,incongruent,"","Press 1 for BLACK, <br>2 for <span style=""color:blue;"">BLUE</span>, <br>3 for <span style=""color:green;"">GREEN</span>, and <br>4 for <span style=""color:brown;"">BROWN</span>",word,"400","",1 2 3 4,"8","","","",NA,175%,black,common,color,"5.26","5",common_color,incongruent,"2",400,24,"16.67",283335,"3",1587,"1",""
"52",test,GREEN,stim1: brown,"4",critical,incongruent,"","Press 1 for BLACK, <br>2 for <span style=""color:blue;"">BLUE</span>, <br>3 for <span style=""color:green;"">GREEN</span>, and <br>4 for <span style=""color:brown;"">BROWN</span>",word,"400","",1 2 3 4,"8","","","",NA,175%,green,common,color,"5.22","5",common_color,incongruent,"1",400,24,"16.67",285619,"4",1888,"1",""
"102",test,SLOW,stim1: brown,"4",filler,control,"","Press 1 for BLACK, <br>2 for <span style=""color:blue;"">BLUE</span>, <br>3 for <span style=""color:green;"">GREEN</span>, and <br>4 for <span style=""color:brown;"">BROWN</span>",word,"400","",1 2 3 4,"8","","","",NA,175%,slow,common,noncolor,"4.81","4",common_noncolor,control,NA,400,24,"16.67",286874,"4",860,"1",""
"36",test,BLUE,stim1: brown,"4",critical,incongruent,"","Press 1 for BLACK, <br>2 for <span style=""color:blue;"">BLUE</span>, <br>3 for <span style=""color:green;"">GREEN</span>, and <br>4 for <span style=""color:brown;"">BROWN</span>",word,"400","",1 2 3 4,"8","","","",NA,175%,blue,common,color,"5.16","4",common_color,incongruent,"1",400,24,"16.67",287733,"4",469,"1",""
"49",test,GREEN,stim1: black,"1",critical,incongruent,"","Press 1 for BLACK, <br>2 for <span style=""color:blue;"">BLUE</span>, <br>3 for <span style=""color:green;"">GREEN</span>, and <br>4 for <span style=""color:brown;"">BROWN</span>",word,"400","",1 2 3 4,"8","","","",NA,175%,green,common,color,"5.22","5",common_color,incongruent,"2",401,24,"16.71",289416,"1",1285,"1",""
"35",test,BLUE,stim1: blue,"2",critical,congruent,"","Press 1 for BLACK, <br>2 for <span style=""color:blue;"">BLUE</span>, <br>3 for <span style=""color:green;"">GREEN</span>, and <br>4 for <span style=""color:brown;"">BROWN</span>",word,"400","",1 2 3 4,"8","","","",NA,175%,blue,common,color,"5.16","4",common_color,congruent,"2",400,24,"16.67",290835,"2",1020,"1",""
"26",test,BLACK,stim1: blue,"2",critical,incongruent,"","Press 1 for BLACK, <br>2 for <span style=""color:blue;"">BLUE</span>, <br>3 for <span style=""color:green;"">GREEN</span>, and <br>4 for <span style=""color:brown;"">BROWN</span>",word,"400","",1 2 3 4,"8","","","",NA,175%,black,common,color,"5.26","5",common_color,incongruent,"1",400,24,"16.67",292566,"2",1335,"1",""
"110",test,TUSK,stim1: brown,"4",filler,control,"","Press 1 for BLACK, <br>2 for <span style=""color:blue;"">BLUE</span>, <br>3 for <span style=""color:green;"">GREEN</span>, and <br>4 for <span style=""color:brown;"">BROWN</span>",word,"400","",1 2 3 4,"8","","","",NA,175%,tusk,rare,noncolor,"3","4",rare_noncolor,control,NA,400,24,"16.67",294549,"4",1585,"1",""
"22",test,AQUA,stim1: green,"3",filler,control,"","Press 1 for BLACK, <br>2 for <span style=""color:blue;"">BLUE</span>, <br>3 for <span style=""color:green;"">GREEN</span>, and <br>4 for <span style=""color:brown;"">BROWN</span>",word,"400","",1 2 3 4,"8","","","",NA,175%,aqua,rare,color,"2.98","4",rare_color,control,"1",400,24,"16.67",296299,"3",1351,"1",""
"54",test,GREEN,stim1: green,"3",critical,congruent,"","Press 1 for BLACK, <br>2 for <span style=""color:blue;"">BLUE</span>, <br>3 for <span style=""color:green;"">GREEN</span>, and <br>4 for <span style=""color:brown;"">BROWN</span>",word,"400","",1 2 3 4,"8","","","",NA,175%,green,common,color,"5.22","5",common_color,congruent,"1",400,24,"16.67",297377,"3",679,"1",""
"94",test,IRK,stim1: brown,"4",filler,control,"","Press 1 for BLACK, <br>2 for <span style=""color:blue;"">BLUE</span>, <br>3 for <span style=""color:green;"">GREEN</span>, and <br>4 for <span style=""color:brown;"">BROWN</span>",word,"400","",1 2 3 4,"8","","","",NA,175%,irk,rare,noncolor,"1.95","3",rare_noncolor,control,NA,400,24,"16.67",299115,"4",1351,"1",""
"79",test,SEPIA,stim1: green,"3",filler,control,"","Press 1 for BLACK, <br>2 for <span style=""color:blue;"">BLUE</span>, <br>3 for <span style=""color:green;"">GREEN</span>, and <br>4 for <span style=""color:brown;"">BROWN</span>",word,"400","",1 2 3 4,"8","","","",NA,175%,sepia,rare,color,"2.38","5",rare_color,control,"2",399,24,"16.63",300649,"3",1136,"1",""
"95",test,IRK,stim1: green,"3",filler,control,"","Press 1 for BLACK, <br>2 for <span style=""color:blue;"">BLUE</span>, <br>3 for <span style=""color:green;"">GREEN</span>, and <br>4 for <span style=""color:brown;"">BROWN</span>",word,"400","",1 2 3 4,"8","","","",NA,175%,irk,rare,noncolor,"1.95","3",rare_noncolor,control,NA,400,24,"16.67",303246,"3",2198,"1",""
"72",test,SEPIA,stim1: black,"1",filler,control,"","Press 1 for BLACK, <br>2 for <span style=""color:blue;"">BLUE</span>, <br>3 for <span style=""color:green;"">GREEN</span>, and <br>4 for <span style=""color:brown;"">BROWN</span>",word,"400","",1 2 3 4,"8","","","",NA,175%,sepia,rare,color,"2.38","5",rare_color,control,"1",400,24,"16.67",304868,"1",1220,"1",""
"108",test,TUSK,stim1: black,"1",filler,control,"","Press 1 for BLACK, <br>2 for <span style=""color:blue;"">BLUE</span>, <br>3 for <span style=""color:green;"">GREEN</span>, and <br>4 for <span style=""color:brown;"">BROWN</span>",word,"400","",1 2 3 4,"8","","","",NA,175%,tusk,rare,noncolor,"3","4",rare_noncolor,control,NA,400,24,"16.67",305839,"1",574,"1",""
"101",test,SLOW,stim1: blue,"2",filler,control,"","Press 1 for BLACK, <br>2 for <span style=""color:blue;"">BLUE</span>, <br>3 for <span style=""color:green;"">GREEN</span>, and <br>4 for <span style=""color:brown;"">BROWN</span>",word,"400","",1 2 3 4,"8","","","",NA,175%,slow,common,noncolor,"4.81","4",common_noncolor,control,NA,400,24,"16.67",307254,"2",1023,"1",""
"103",test,SLOW,stim1: green,"3",filler,control,"","Press 1 for BLACK, <br>2 for <span style=""color:blue;"">BLUE</span>, <br>3 for <span style=""color:green;"">GREEN</span>, and <br>4 for <span style=""color:brown;"">BROWN</span>",word,"400","",1 2 3 4,"8","","","",NA,175%,slow,common,noncolor,"4.81","4",common_noncolor,control,NA,400,24,"16.67",309146,"3",1498,"1",""
"40",test,BROWN,stim1: black,"1",critical,incongruent,"","Press 1 for BLACK, <br>2 for <span style=""color:blue;"">BLUE</span>, <br>3 for <span style=""color:green;"">GREEN</span>, and <br>4 for <span style=""color:brown;"">BROWN</span>",word,"400","",1 2 3 4,"8","","","",NA,175%,brown,common,color,"5.01","5",common_color,incongruent,"1",400,24,"16.67",311049,"1",1502,"1",""
"69",test,OCHRE,stim1: brown,"4",filler,control,"","Press 1 for BLACK, <br>2 for <span style=""color:blue;"">BLUE</span>, <br>3 for <span style=""color:green;"">GREEN</span>, and <br>4 for <span style=""color:brown;"">BROWN</span>",word,"400","",1 2 3 4,"8","","","",NA,175%,ochre,rare,color,"2.77","5",rare_color,control,"2",400,24,"16.67",312998,"4",1550,"1",""
"82",test,APEX,stim1: brown,"4",filler,control,"","Press 1 for BLACK, <br>2 for <span style=""color:blue;"">BLUE</span>, <br>3 for <span style=""color:green;"">GREEN</span>, and <br>4 for <span style=""color:brown;"">BROWN</span>",word,"400","",1 2 3 4,"8","","","",NA,175%,apex,rare,noncolor,"2.96","4",rare_noncolor,control,NA,400,24,"16.67",315096,"4",1698,"1",""
"23",test,AQUA,stim1: green,"3",filler,control,"","Press 1 for BLACK, <br>2 for <span style=""color:blue;"">BLUE</span>, <br>3 for <span style=""color:green;"">GREEN</span>, and <br>4 for <span style=""color:brown;"">BROWN</span>",word,"400","",1 2 3 4,"8","","","",NA,175%,aqua,rare,color,"2.98","4",rare_color,control,"2",400,24,"16.67",317813,"3",2317,"1",""
"60",test,MAUVE,stim1: brown,"4",filler,control,"","Press 1 for BLACK, <br>2 for <span style=""color:blue;"">BLUE</span>, <br>3 for <span style=""color:green;"">GREEN</span>, and <br>4 for <span style=""color:brown;"">BROWN</span>",word,"400","",1 2 3 4,"8","","","",NA,175%,mauve,rare,color,"2.71","5",rare_color,control,"1",400,24,"16.67",319155,"4",940,"1",""
"93",test,IRK,stim1: blue,"2",filler,control,"","Press 1 for BLACK, <br>2 for <span style=""color:blue;"">BLUE</span>, <br>3 for <span style=""color:green;"">GREEN</span>, and <br>4 for <span style=""color:brown;"">BROWN</span>",word,"400","",1 2 3 4,"8","","","",NA,175%,irk,rare,noncolor,"1.95","3",rare_noncolor,control,NA,400,24,"16.67",320493,"2",946,"1",""
"41",test,BROWN,stim1: black,"1",critical,incongruent,"","Press 1 for BLACK, <br>2 for <span style=""color:blue;"">BLUE</span>, <br>3 for <span style=""color:green;"">GREEN</span>, and <br>4 for <span style=""color:brown;"">BROWN</span>",word,"400","",1 2 3 4,"8","","","",NA,175%,brown,common,color,"5.01","5",common_color,incongruent,"2",401,24,"16.71",322196,"1",1315,"1",""
"74",test,SEPIA,stim1: blue,"2",filler,control,"","Press 1 for BLACK, <br>2 for <span style=""color:blue;"">BLUE</span>, <br>3 for <span style=""color:green;"">GREEN</span>, and <br>4 for <span style=""color:brown;"">BROWN</span>",word,"400","",1 2 3 4,"8","","","",NA,175%,sepia,rare,color,"2.38","5",rare_color,control,"1",399,24,"16.63",323488,"2",891,"1",""
"66",test,OCHRE,stim1: blue,"2",filler,control,"","Press 1 for BLACK, <br>2 for <span style=""color:blue;"">BLUE</span>, <br>3 for <span style=""color:green;"">GREEN</span>, and <br>4 for <span style=""color:brown;"">BROWN</span>",word,"400","",1 2 3 4,"8","","","",NA,175%,ochre,rare,color,"2.77","5",rare_color,control,"1",399,24,"16.63",324591,"2",711,"1",""
"80",test,APEX,stim1: black,"1",filler,control,"","Press 1 for BLACK, <br>2 for <span style=""color:blue;"">BLUE</span>, <br>3 for <span style=""color:green;"">GREEN</span>, and <br>4 for <span style=""color:brown;"">BROWN</span>",word,"400","",1 2 3 4,"8","","","",NA,175%,apex,rare,noncolor,"2.96","4",rare_noncolor,control,NA,401,24,"16.71",325792,"1",811,"1",""
"73",test,SEPIA,stim1: black,"1",filler,control,"","Press 1 for BLACK, <br>2 for <span style=""color:blue;"">BLUE</span>, <br>3 for <span style=""color:green;"">GREEN</span>, and <br>4 for <span style=""color:brown;"">BROWN</span>",word,"400","",1 2 3 4,"8","","","",NA,175%,sepia,rare,color,"2.38","5",rare_color,control,"2",401,24,"16.71",326889,"1",708,"1",""
"85",test,BIG,stim1: blue,"2",filler,control,"","Press 1 for BLACK, <br>2 for <span style=""color:blue;"">BLUE</span>, <br>3 for <span style=""color:green;"">GREEN</span>, and <br>4 for <span style=""color:brown;"">BROWN</span>",word,"400","",1 2 3 4,"8","","","",NA,175%,big,common,noncolor,"5.94","3",common_noncolor,control,NA,399,24,"16.63",328238,"2",957,"1",""
"90",test,FAST,stim1: brown,"4",filler,control,"","Press 1 for BLACK, <br>2 for <span style=""color:blue;"">BLUE</span>, <br>3 for <span style=""color:green;"">GREEN</span>, and <br>4 for <span style=""color:brown;"">BROWN</span>",word,"400","",1 2 3 4,"8","","","",NA,175%,fast,common,noncolor,"5.09","4",common_noncolor,control,NA,400,24,"16.67",329909,"4",1278,"1",""
"77",test,SEPIA,stim1: brown,"4",filler,control,"","Press 1 for BLACK, <br>2 for <span style=""color:blue;"">BLUE</span>, <br>3 for <span style=""color:green;"">GREEN</span>, and <br>4 for <span style=""color:brown;"">BROWN</span>",word,"400","",1 2 3 4,"8","","","",NA,175%,sepia,rare,color,"2.38","5",rare_color,control,"2",401,24,"16.71",331226,"4",928,"1",""
"88",test,FAST,stim1: black,"1",filler,control,"","Press 1 for BLACK, <br>2 for <span style=""color:blue;"">BLUE</span>, <br>3 for <span style=""color:green;"">GREEN</span>, and <br>4 for <span style=""color:brown;"">BROWN</span>",word,"400","",1 2 3 4,"8","","","",NA,175%,fast,common,noncolor,"5.09","4",common_noncolor,control,NA,399,24,"16.63",332372,"1",759,"1",""
"27",test,BLACK,stim1: blue,"2",critical,incongruent,"","Press 1 for BLACK, <br>2 for <span style=""color:blue;"">BLUE</span>, <br>3 for <span style=""color:green;"">GREEN</span>, and <br>4 for <span style=""color:brown;"">BROWN</span>",word,"400","",1 2 3 4,"8","","","",NA,175%,black,common,color,"5.26","5",common_color,incongruent,"2",400,24,"16.67",333762,"2",998,"1",""
"51",test,GREEN,stim1: blue,"2",critical,incongruent,"","Press 1 for BLACK, <br>2 for <span style=""color:blue;"">BLUE</span>, <br>3 for <span style=""color:green;"">GREEN</span>, and <br>4 for <span style=""color:brown;"">BROWN</span>",word,"400","",1 2 3 4,"8","","","",NA,175%,green,common,color,"5.22","5",common_color,incongruent,"2",400,24,"16.67",334941,"2",793,"1",""
"20",test,AQUA,stim1: brown,"4",filler,control,"","Press 1 for BLACK, <br>2 for <span style=""color:blue;"">BLUE</span>, <br>3 for <span style=""color:green;"">GREEN</span>, and <br>4 for <span style=""color:brown;"">BROWN</span>",word,"400","",1 2 3 4,"8","","","",NA,175%,aqua,rare,color,"2.98","4",rare_color,control,"1",401,24,"16.71",336768,"4",1437,"1",""
"98",test,NYMPH,stim1: brown,"4",filler,control,"","Press 1 for BLACK, <br>2 for <span style=""color:blue;"">BLUE</span>, <br>3 for <span style=""color:green;"">GREEN</span>, and <br>4 for <span style=""color:brown;"">BROWN</span>",word,"400","",1 2 3 4,"8","","","",NA,175%,nymph,rare,noncolor,"2.72","5",rare_noncolor,control,NA,400,24,"16.67",337810,"4",646,"1",""
"29",test,BLACK,stim1: brown,"4",critical,incongruent,"","Press 1 for BLACK, <br>2 for <span style=""color:blue;"">BLUE</span>, <br>3 for <span style=""color:green;"">GREEN</span>, and <br>4 for <span style=""color:brown;"">BROWN</span>",word,"400","",1 2 3 4,"8","","","",NA,175%,black,common,color,"5.26","5",common_color,incongruent,"2",400,24,"16.67",338721,"4",523,"1",""
"39",test,BLUE,stim1: green,"3",critical,incongruent,"","Press 1 for BLACK, <br>2 for <span style=""color:blue;"">BLUE</span>, <br>3 for <span style=""color:green;"">GREEN</span>, and <br>4 for <span style=""color:brown;"">BROWN</span>",word,"400","",1 2 3 4,"8","","","",NA,175%,blue,common,color,"5.16","4",common_color,incongruent,"2",400,24,"16.67",340610,"3",1496,"1",""
"61",test,MAUVE,stim1: brown,"4",filler,control,"","Press 1 for BLACK, <br>2 for <span style=""color:blue;"">BLUE</span>, <br>3 for <span style=""color:green;"">GREEN</span>, and <br>4 for <span style=""color:brown;"">BROWN</span>",word,"400","",1 2 3 4,"8","","","",NA,175%,mauve,rare,color,"2.71","5",rare_color,control,"2",400,24,"16.67",342499,"4",1502,"1",""
"32",test,BLUE,stim1: black,"1",critical,incongruent,"","Press 1 for BLACK, <br>2 for <span style=""color:blue;"">BLUE</span>, <br>3 for <span style=""color:green;"">GREEN</span>, and <br>4 for <span style=""color:brown;"">BROWN</span>",word,"400","",1 2 3 4,"8","","","",NA,175%,blue,common,color,"5.16","4",common_color,incongruent,"1",400,24,"16.67",343691,"1",793,"1",""
"63",test,MAUVE,stim1: green,"3",filler,control,"","Press 1 for BLACK, <br>2 for <span style=""color:blue;"">BLUE</span>, <br>3 for <span style=""color:green;"">GREEN</span>, and <br>4 for <span style=""color:brown;"">BROWN</span>",word,"400","",1 2 3 4,"8","","","",NA,175%,mauve,rare,color,"2.71","5",rare_color,control,"2",400,24,"16.67",344821,"4",740,"0",""
"57",test,MAUVE,stim1: black,"1",filler,control,"","Press 1 for BLACK, <br>2 for <span style=""color:blue;"">BLUE</span>, <br>3 for <span style=""color:green;"">GREEN</span>, and <br>4 for <span style=""color:brown;"">BROWN</span>",word,"400","",1 2 3 4,"8","","","",NA,175%,mauve,rare,color,"2.71","5",rare_color,control,"2",400,24,"16.67",346777,"1",1563,"1",""
"53",test,GREEN,stim1: brown,"4",critical,incongruent,"","Press 1 for BLACK, <br>2 for <span style=""color:blue;"">BLUE</span>, <br>3 for <span style=""color:green;"">GREEN</span>, and <br>4 for <span style=""color:brown;"">BROWN</span>",word,"400","",1 2 3 4,"8","","","",NA,175%,green,common,color,"5.22","5",common_color,incongruent,"2",399,24,"16.63",347899,"4",736,"1",""
"16",test,AQUA,stim1: black,"1",filler,control,"","Press 1 for BLACK, <br>2 for <span style=""color:blue;"">BLUE</span>, <br>3 for <span style=""color:green;"">GREEN</span>, and <br>4 for <span style=""color:brown;"">BROWN</span>",word,"400","",1 2 3 4,"8","","","",NA,175%,aqua,rare,color,"2.98","4",rare_color,control,"1",400,24,"16.67",349800,"1",1502,"1",""